job_id,job_title,company,salary_min,salary_max,yrs_of_exp_min,yrs_of_exp_max,job_city,due_date,jd,job_url,salary_text,company_name,company_link,updated_at,time_left,tags,location
1914176,Chuyên Viên IT Nội Bộ (System Admin),N/A,12.0,20.0,2.0,2.0,Hà Nội,,"1. Quản trị hệ thống CNTT nội bộCài đặt, cấu hình, bảo trì máy tính, máy chủ và thiết bị văn phòng (máy in, máy scan, máy chấm công...).Cài đặt và quản lý phần mềm bản quyền (AutoCAD, Dự toán, Office, ERP...) và cập nhật định kỳ.Quản lý hệ thống email nội bộ, phân quyền và thu hồi tài khoản nhân sự.Quản trị hệ thống NAS/Cloud, server, camera giám sát, và phần mềm nội bộ.Hỗ trợ triển khai ứng dụng, giải pháp chuyển đổi số của công ty.2. Quản lý mạng & kết nối từ xaLắp đặt, cấu hình và bảo trì hệ thống mạng LAN/Wi-Fi tại văn phòng và công trường.Thiết lập và hỗ trợ truy cập từ xa (VPN...) cho nhân sự.Xử lý sự cố mạng, modem, switch, Wi-Fi trong 2–4h làm việc; phối hợp nhà mạng khi cần.3. Bảo mật & sao lưu dữ liệuThực hiện sao lưu dữ liệu định kỳ theo quy trình.Quản lý phân quyền truy cập, dữ liệu phòng ban/dự án.Quản trị hệ thống diệt virus, tường lửa, phần mềm bảo mật.Khắc phục sự cố mất dữ liệu, tấn công mạng và phục hồi khi cần.4. Hỗ trợ kỹ thuật người dùng & quản lý tài sản CNTTHỗ trợ người dùng xử lý lỗi phần cứng, phần mềm, mạng.Hướng dẫn sử dụng thiết bị, phần mềm mới.Quản lý danh mục thiết bị CNTT (mã tài sản, tình trạng, người sử dụng).Đề xuất mua mới, sửa chữa, bàn giao – thu hồi thiết bị khi nhân sự đến/đi.5. Thực hiện các công việc khác theo phân công của quản lý.- Lưu ý Địa điểm làm việc: 1. Địa điểm làm việc: Km 188 + 300 cao tốc Pháp Vân -  Cầu Giẽ (ngay trạm thu phí BOT Pháp Vân, Cầu Giẽ) 2. Tháng 2/2027:  Tòa nhà 30 tầng Phương Thành xây xong, địa điểm làm việc tại Dương Đình Nghệ, Yên Hòa, Cầu Giấy, Hà Nội.",https://www.topcv.vn/viec-lam/chuyen-vien-it-noi-bo-system-admin/1914176.html?ta_source=ITJobs_LinkDetail,12 - 20 triệu,Công ty Cổ phần Đầu tư và Xây dựng Giao thông Phương Thành,https://www.topcv.vn/cong-ty/cong-ty-co-phan-dau-tu-va-xay-dung-giao-thong-phuong-thanh/229028.html,Cập nhật 2 ngày trước,Còn27ngày để ứng tuyển,"Khắc Phục Sự Cố Phần Cứng Và Phần Mềm, Bảo Mật Hệ Thống, Sao Lưu Và Phục Hồi Dữ Liệu, 2+",Hà Nội
1936936,Chuyên Viên Phát Triển Phần Mềm,N/A,,,2.0,2.0,Hà Nội,,"Phát triển và duy trì các ứng dụng web sử dụng Node.js, TypeScript, và React JS.Thiết kế giao diện người dùng (UI) responsive và tối ưu trải nghiệm người dùng (UX) với Tailwind CSS.Làm việc với cơ sở dữ liệu MySQL và MongoDB để xây dựng và tối ưu hóa các truy vấn dữ liệu.Tham gia vào toàn bộ vòng đời phát triển phần mềm, từ phân tích yêu cầu, thiết kế, coding, đến kiểm thử và triển khai.Phối hợp với các thành viên trong nhóm (Frontend, Backend, QA) để đảm bảo chất lượng sản phẩm.Đề xuất và triển khai các cải tiến kỹ thuật để nâng cao hiệu suất và khả năng mở rộng của ứng dụng.Viết mã sạch, dễ bảo trì và tuân thủ các tiêu chuẩn coding tốt nhất.Tham gia review code và hỗ trợ các thành viên khác trong nhóm.Thực hiện các công việc khác theo yêu cầu của lãnh đạo.",https://www.topcv.vn/viec-lam/chuyen-vien-phat-trien-phan-mem/1936936.html?ta_source=ITJobs_LinkDetail,Thoả thuận,CÔNG TY CỔ PHẦN GIÁO DỤC SỐ CÁNH DIỀU VÀNG,https://www.topcv.vn/cong-ty/cong-ty-co-phan-giao-duc-so-canh-dieu-vang/224117.html,Cập nhật 2 ngày trước,Còn27ngày để ứng tuyển,"Lập Trình, phân tích yêu cầu, Kiểm thử phần mềm, 2+",Hà Nội
1657287,Nhân Viên IT - Phần Cứng,N/A,11.0,12.0,,1.0,Hải Dương,,"IT phần cứng chịu trách nhiệm cài đặt, bảo trì và sửa chữa các thiết bị phần để đảm bảo rằng hệ thống máy tính và mạng hoạt động một cách ổn định và hiệu quả.Quản lý hệ thống máy chủ, máy tính, Wifi, camera, máy in, máy chấm công, điện thoại bàn;Quản trị hệ điều hành máy chủ, theo dõi backup dữ liệu và đảm bảo an toàn;Xử lý sự cố mạng, thiết bị công nghệ thông tin, máy tính và hỗ trợ người dùng;Đề xuất bảo trì, nâng cấp hệ thống và ứng dụng CNTT;Cập nhật bản vá Windows Server, Windows client, phần mềm antivirus;Theo dõi và vận hành hệ thống mạng LAN, Internet, điện thoại;Thực hiện các công việc khác theo yêu cầu của quản lý.",https://www.topcv.vn/viec-lam/nhan-vien-it-phan-cung/1657287.html?ta_source=ITJobs_LinkDetail,11 - 12 triệu,CÔNG TY TNHH MAY TINH LỢI,https://www.topcv.vn/cong-ty/cong-ty-tnhh-may-tinh-loi/123706.html,Cập nhật 2 ngày trước,Còn27ngày để ứng tuyển,"Quản Lý Hệ Thống, Khắc Phục Sự Cố Phần Cứng, Khắc Phục Sự Cố Phần Mềm, 8+",Hải Dương
1628345,System Administrator (Windows OS & VMware),N/A,30.0,35.0,2.0,2.0,Hồ Chí Minh,,"GIỚI THIỆU:CMC Telecom tự hào giữ vị trí là công ty Công nghệ - Viễn thông tư nhân hàng đầu Việt Nam.Sau 16 năm phát triển không ngừng, CMC Telecom đã phát triển thành công từ cung cấp dịch vụ truyền dẫn cơ bản sang cung cấp dịch vụ toàn diện thông qua 5 hoạt động kinh doanh chính: Kênh truyền dẫn Internet, Trung tâm dữ liệu, Điện toán đám mây, Dịch vụ quản trị CNTT và An toàn thông tin.MÔ TẢ CÔNG VIỆC:Vận hành cơ sở hạ tầng CNTT thiết yếu, bao gồm VM servers vật lý/ảo, SAN storage, Red Hat và VMware.Vận hành công tác cài đặt, đồng bộ hóa, sao lưu và khôi phục cơ sở dữ liệu (Database) giữa các sites.Cài đặt, cấu hình và bảo trì hệ thống VMware vSphere environments (ESXi, vCenter).Xử lý những sự cố liên quan đến Windows OS và sự cố ảo hóa.Làm việc với các bên liên quan và cung cấp/triển khai kiến ​trúc cơ sở hạ tầng CNTT trong các dự án CNTT.Theo dõi các nhóm có liên quan và cung cấp các bản cập nhật/báo cáo về các vấn đề liên quan đến cơ sở hạ tầng CNTT.",https://www.topcv.vn/viec-lam/system-administrator-windows-os-vmware/1628345.html?ta_source=ITJobs_LinkDetail,30 - 35 triệu,Công ty cổ phần Hạ tầng Viễn thông CMC Telecom,https://www.topcv.vn/cong-ty/cong-ty-co-phan-ha-tang-vien-thong-cmc-telecom/200874.html,Cập nhật 2 ngày trước,Còn54ngày để ứng tuyển,"Giải Quyết Sự Cố Hệ Thống, Kiến Trúc Hệ Thống, Mạng Máy Tính (tcp Ip, Routing, Switching), 2+",Hồ Chí Minh
1706408,2D UI/UX Artist (Game),N/A,8.0,20.0,1.0,1.0,Hà Nội,,"Xây dựng ý tưởng, thiết kế giao diện (UI) cho những sản phẩm game;Thiết kế giao diện thân thiện, thu hút và dễ dàng sử dụng cho người chơi (UX)Thiết kế banner, poster, background, screenshot quảng cáo cho gameNghiên cứu, đề xuất ý tưởng giúp các sản phẩm game được tối ưu tốt nhất cho trải nghiệm người dùng.",https://www.topcv.vn/viec-lam/2d-ui-ux-artist-game/1706408.html?ta_source=ITJobs_LinkDetail,8 - 20 triệu,Công ty TNHH Horus Productions,https://www.topcv.vn/cong-ty/cong-ty-tnhh-horus-productions/181741.html,Cập nhật 2 ngày trước,Còn27ngày để ứng tuyển,"Illustrator, Photoshop, AI, 1+",Hà Nội
1938238,Chuyên Viên Phát Triển Phần Mềm Odoo,N/A,,45.0,4.0,4.0,Hà Nội,,"Phát triển các hệ thống phần mềm dành cho doanh nghiệp như CRM, HRM, IoT, MES... dựa trên nền tảng Odoo.Tham gia toàn diện vào vòng đời phát triển phần mềm: từ khảo sát yêu cầu, thiết kế giải pháp hệ thống, phát triển tính năng, kiểm thử cho đến bảo trì sau triển khai.Tùy biến và xây dựng các mô-đun Odoo đảm bảo đúng nghiệp vụ, tối ưu về hiệu suất và khả năng mở rộng cho tương lai.Thiết kế, phát triển API (REST/XML-RPC) để tích hợp Odoo với ứng dụng di động, thiết bị IoT và các nền tảng bên ngoài.Làm việc chủ yếu với cơ sở dữ liệu PostgreSQL; có hiểu biết về các hệ quản trị khác là một lợi thế.Đảm bảo hệ thống vận hành ổn định trên môi trường điện toán đám mây (ưu tiên AWS), tối ưu hiệu năng để phục vụ lượng lớn người dùng và thiết bị.Xây dựng mã nguồn có thể tái sử dụng, phát triển thư viện dùng chung nội bộ và chuẩn hóa quy trình lập trình dự án.Chủ động tìm hiểu, cập nhật công nghệ mới nhằm cải tiến chất lượng phần mềm và tối ưu hóa các quy trình DevOps, CI/CD.",https://www.topcv.vn/viec-lam/chuyen-vien-phat-trien-phan-mem-odoo/1938238.html?ta_source=ITJobs_LinkDetail,Tới 45 triệu,Công ty Cổ phần Tập đoàn Karofi,https://www.topcv.vn/cong-ty/cong-ty-co-phan-tap-doan-karofi/201109.html,Cập nhật 2 ngày trước,Còn54ngày để ứng tuyển,"Python, Odoo Framework, Javascript, 2+",Hà Nội
1937365,Nhân Viên IT,N/A,15.0,20.0,2.0,2.0,Thái Bình,,"Phát triển và duy trì các ứng dụng backend sử dụng Java Spring Boot.Thiết kế, xây dựng API phục vụ tích hợp với các hệ thống khác.Làm việc với cơ sở dữ liệu PostgreSQL: thiết kế schema, tối ưu truy vấn, đảm bảo hiệu năng hệ thống.Phối hợp với team Frontend, BA, QA để đảm bảo chất lượng sản phẩm.Tham gia vào quá trình phân tích, thiết kế kiến trúc, đề xuất giải pháp kỹ thuật.Viết tài liệu kỹ thuật và hỗ trợ vận hành khi cần.",https://www.topcv.vn/viec-lam/nhan-vien-it/1937365.html?ta_source=ITJobs_LinkDetail,15 - 20 triệu,CÔNG TY TNHH MTV TIẾN QUÂN,https://www.topcv.vn/cong-ty/cong-ty-tnhh-mtv-tien-quan/241332.html,Cập nhật 2 ngày trước,Còn27ngày để ứng tuyển,"Tư duy logic, Giải quyết vấn đề, Khả Năng Làm Việc Độc Lập, 2+",Thái Bình
1938123,UI Artist,N/A,,,1.0,1.0,Hà Nội,,"Thiết kế giao diện người dùng (UI) cho các sản phẩm game casual 3D (menu, icon, button, popup, HUD, UI flow...).Đảm bảo tính thẩm mỹ, trực quan, dễ hiểu và nhất quán trong trải nghiệm người chơi.Phối hợp chặt chẽ với Game Designer, UX Designer, 2D/3D Artist, Animator để hiện thực hóa ý tưởng UI trong game.Thiết kế và phát triển UI animation, transition (nếu có) nhằm tăng tính sinh động cho giao diện.Nghiên cứu, cập nhật xu hướng UI/UX trong ngành game casual quốc tế để áp dụng sáng tạo vào sản phẩm.Tham gia đóng góp ý tưởng cho hướng mỹ thuật tổng thể của sản phẩm.",https://www.topcv.vn/viec-lam/ui-artist/1938123.html?ta_source=ITJobs_LinkDetail,Thoả thuận,Công Ty Cổ Phần VCCorp - SohaGame,https://www.topcv.vn/cong-ty/cong-ty-co-phan-vccorp-sohagame/153.html,Cập nhật 3 ngày trước,Còn27ngày để ứng tuyển,"Thiết Kế Giao Diện Người Dùng (ui), Kỹ Năng Thiết Kế Đồ Họa, Hiểu Biết Về Nguyên Tắc Thiết Kế Ui Ux, 2+",Hà Nội
1938148,Chuyên Viên Công Nghệ Thông Tin,N/A,,,2.0,2.0,Hà Nội,,"1. Quản trị Hạ tầng & Mạng lưới:Lập kế hoạch, tổ chức, giám sát và đảm bảo sự vận hành thông suốt của toàn bộ hạ tầng CNTTQuản trị các thiết bị cốt lõi như Firewall, Core/Access Switch, Router, VPN, Wi-Fi tại tất cả các văn phòng của Công tyThực hiện cài đặt, cấu hình và bảo trì định kỳ các máy chủ (Windows/Linux), hệ thống mạng và tổng đài - Call CenterQuản trị Hạ tầng & Mạng lưới2. Quản lý Hệ thống Phần mềm & Ứng dụng:Quản trị và duy trì hoạt động ổn định của các hệ thống phần mềmQuản lý các dịch vụ máy chủ như AD, DHCP, DNS, Email Server Gateway, File ServersPhối hợp với nhà cung cấp để nâng cấp, bảo trì và khắc phục lỗi hệ thống3. Bảo mật, Sao lưu & Giám sát Hệ thống:Xây dựng và thực thi các quy định Bảo mật, bao gồm chống virus, tường lửa và kiểm soát đột nhậpĐảm bảo an toàn thông tin và bảo mật dữ liệu nội bộ/khách hàngThực hiện chính sách sao lưu và khôi phục dữ liệu định kỳ4. Hỗ trợ Kỹ thuật (Help Desk) & Tài sản IT:Hỗ trợ kỹ thuật kịp thời cho nhân viên về phần cứng, phần mềm, mạng, email, và điện thoại IPĐào tạo cơ bản cho nhân viên mới về quy định sử dụng hệ thống CNTTQuản lý toàn bộ tài sản IT (cấp phát, thu hồi, bảo dưỡng, lập danh mục kỹ thuật và báo cáo định kỳ về tình trạng hệ thống)5. Thực hiện các công việc khác theo mục tiêu chung của Công ty.",https://www.topcv.vn/viec-lam/chuyen-vien-cong-nghe-thong-tin/1938148.html?ta_source=ITJobs_LinkDetail,Thoả thuận,Công ty TNHH Quản lý Khách sạn - Bitexco,https://www.topcv.vn/cong-ty/cong-ty-tnhh-quan-ly-khach-san-bitexco/134701.html,Cập nhật 3 ngày trước,Còn27ngày để ứng tuyển,"Kiến Thức Về Phần Cứng Và Phần Mềm, Khả năng giải quyết vấn đề, kỹ năng phân tích, 2+",Hà Nội
1937626,Developer Phát Triển Phần Mềm Chuyển Đổi Số (PHP),N/A,,,2.0,2.0,Hà Nội,,"Thành viên phát triển phần mềm chuyển đổi số nội bộ nhằm tối ưu hóa quy trình làm việc và số hóa các hoạt động trong doanh nghiệp.Tham gia thiết kế, phát triển và triển khai duy trì các hệ thống phần mềm giúp nâng cao hiệu suất làm việc của toàn công ty. Cụ thể:Phát triển và duy trì ứng dụng di động đa nền tảng bằng Flutter. Xây dựng, tích hợp và tối ưu hóa API bằng Laravel (PHP). Thiết kế giao diện người dùng trực quan, thân thiện (UI/UX) cho app mobile. Tích hợp các dịch vụ bên ngoài: thanh toán, gửi mail, Firebase, Noti, v.v. Tham gia phân tích yêu cầu, đóng góp ý tưởng cải thiện sản phẩm cùng team. Làm việc chặt chẽ với team BA, QA, thiết kế và các bộ phận liên quan.",https://www.topcv.vn/viec-lam/developer-phat-trien-phan-mem-chuyen-doi-so-php/1937626.html?ta_source=ITJobs_LinkDetail,Thoả thuận,CÔNG TY CỔ PHẦN KAOPIZ HOLDINGS,https://www.topcv.vn/cong-ty/cong-ty-co-phan-kaopiz-holdings/161426.html,Cập nhật 3 ngày trước,Còn27ngày để ứng tuyển,"Git, PHP, RESTful APIs, 2+",Hà Nội
1742223,Nhân Viên IT,N/A,8.0,11.0,1.0,1.0,Vĩnh Phúc,,"-Tìm kiếm, đề xuất mua các loại máy tính, phụ kiện công nghệ thông tin theo các yêu cầu sẵn có-Cài đặt phầm mềm, sang chuyển dữ liệu, sửa chữa nhỏ (nếu có)-Bảo trì bảo dưỡng máy tính, máy in, thiết bị CNTT (nếu nhiều thiết bị hoặc của các hãng thì sẽ kết hợp với nhà thầu IT và các hãng để triển khai)- Lên kế hoạch triển khai công việc và tham gia trực tiếp vào các dự án sửa chữa, lắp đặt thi công dự án của công ty - Các công việc khác theo sự chỉ đạo của cấp trên;",https://www.topcv.vn/viec-lam/nhan-vien-it/1742223.html?ta_source=ITJobs_LinkDetail,8 - 11 triệu,Công ty Cổ Phần YDS Việt Nam,https://www.topcv.vn/cong-ty/cong-ty-co-phan-yds-viet-nam/180915.html,Cập nhật 3 ngày trước,Còn27ngày để ứng tuyển,"Mạng máy tính, Phần Cứng Máy Tính",Vĩnh Phúc
1938110,3D Artist,N/A,,,1.0,1.0,Hà Nội,,"Thiết kế và dựng model 3D (nhân vật, môi trường, vật phẩm, props) theo phong cách cartoon / casual.Thực hiện texturing, shading, lighting đảm bảo thống nhất phong cách nghệ thuật của dự án.Phối hợp chặt chẽ với Concept Artist, Animator và Game Designer để đảm bảo sản phẩm cuối cùng vừa đẹp mắt vừa tối ưu cho gameplay.Tối ưu hóa asset 3D để đảm bảo hiệu năng cho mobile (giảm poly, bake texture, v.v.).Tham gia đóng góp ý tưởng về phong cách đồ họa, thiết kế nhân vật, cảnh vật, hiệu ứng cho dự án.Cập nhật xu hướng thiết kế mới trong ngành casual game 3D (Farm, Merge, Simulation, v.v.).",https://www.topcv.vn/viec-lam/3d-artist/1938110.html?ta_source=ITJobs_LinkDetail,Thoả thuận,Công Ty Cổ Phần VCCorp - SohaGame,https://www.topcv.vn/cong-ty/cong-ty-co-phan-vccorp-sohagame/153.html,Cập nhật 3 ngày trước,Còn27ngày để ứng tuyển,"Modeling 3d, Texturing, Uv Unwrapping, 2+",Hà Nội
1729099,"Thiết Kế Phần Mềm (Có Kinh Nghiệm C++, C#, Python)",N/A,,,1.0,1.0,Bắc Ninh,,- Quản lý và bảo trì phần mềm đo lường tự động- Xử lý lỗi xảy ra trên dây chuyền sản xuất liên quan đến phần mềm đo lường tự động - Triển khai các tính năng mới và sửa lỗi phần mềm- Phát triển phần mềm mới cho sản xuất tự động hóa - Đối ứng khách hàng,https://www.topcv.vn/viec-lam/thiet-ke-phan-mem-co-kinh-nghiem-c-c-python/1729099.html?ta_source=ITJobs_LinkDetail,Thoả thuận,CÔNG TY TNHH SEOJIN VINA,https://www.topcv.vn/cong-ty/cong-ty-tnhh-seojin-vina/119617.html,Cập nhật 3 ngày trước,Còn27ngày để ứng tuyển,"WinForms, Lập Trình C, Winform, 10+",Bắc Ninh
1809968,Chuyên Viên IT,N/A,13.0,17.0,2.0,2.0,Hà Nội,,"- Quản lý, vận hành hệ thống mạng, server, máy chủ và các thiết bị công nghệ thông tin đảm bảo tính bảo mật, an toàn- Hỗ trợ người dùng nghiệp vụ ERP, thực hiện đúng quy trình và khắc phục lỗi sai sót số liệu của các phân hệ- Back up dữ liệu trên server định kì đảm bảo dữ liệu được bảo vệ an toàn.- Quản lí tên miền, hosting, website, dữ liệu khác (ảnh, video..)- Quản lý hệ thống thiết bị văn phòng: Máy tính, máy in, photo, mạng Internet, các phần mềm và theo dõi các hợp đồng cung cấp các dịch vụ này.- Hỗ trợ CBNV văn phòng liên quan đến Window, Office, hardware, software…- Tham gia vào tất cả các công việc liên quan đến mạng và máy tính của công ty. Các công việc phát sinh khi có yêu cầu từ ban lãnh đạo hoặc phòng ban phụ trách.- Thực hiện các công việc khác khi có yêu cầu từ cán bộ quản lý.",https://www.topcv.vn/viec-lam/chuyen-vien-it/1809968.html?ta_source=ITJobs_LinkDetail,13 - 17 triệu,CÔNG TY CỔ PHẦN THÉP VIỆT XÔ HÀ NỘI,https://www.topcv.vn/cong-ty/cong-ty-co-phan-thep-viet-xo-ha-noi/139469.html,Cập nhật 3 ngày trước,Còn27ngày để ứng tuyển,"Tư duy logic, Giải quyết vấn đề, Kiến Thức Về Phần Cứng Máy Tính, 6+",Hà Nội
1896371,Chuyên Viên Lập Trình Nhúng LINUX/MCU,N/A,,,1.0,1.0,"Quảng Nam, Đà Nẵng",,"Khảo sát, thiết kế phương án điều khiển hệ thống SoC/ MCU.Thiết kế bản vẽ hệ thống điều khiển và giám sát máy móc, thiết bị.Lập danh mục vật tư mua ngoài dựa trên phương án điều khiển.Lập trình chương trình điều khiển và giám sát hệ thống trên nền tảng SoC/ MCU.Tác nghiệp với phòng ban liên quan để xử lý công việc.Tự đào tạo, phát triển năng lực chuyên môn thường xuyênBiên soạn tài liệu hướng dẫn sử dụng, hướng dẫn vận hành hệ thống.",https://www.topcv.vn/viec-lam/chuyen-vien-lap-trinh-nhung-linux-mcu/1896371.html?ta_source=ITJobs_LinkDetail,Thoả thuận,CÔNG TY CỔ PHẦN TẬP ĐOÀN TRƯỜNG HẢI,https://www.topcv.vn/cong-ty/cong-ty-co-phan-tap-doan-truong-hai/178655.html,Cập nhật 3 ngày trước,Còn29ngày để ứng tuyển,"Lập Trình Nhúng, Lập Trình C C++, Vi Điều Khiển (mcu), 2+","Quảng Nam, Đà Nẵng"
1937840,IT Security Specialist,N/A,20.0,30.0,2.0,2.0,Hà Nội,,"Đánh Giá Rủi Ro Bảo Mật:Thực hiện kiểm thử bảo mật hệ thống mạng, ứng dụng nội bộ.Xác định các điểm yếu và đề xuất biện pháp khắc phục.Triển Khai và Quản Lý Hệ Thống Bảo Mật:Thiết lập và duy trì các giải pháp bảo mật như tường lửa, Anti Malware, Active Directory, và các công cụ giám sát bảo mật.Quản lý quyền truy cập và bảo mật dữ liệu.Phát Hiện và Xử Lý Sự Cố Bảo Mật:Giám sát và phân tích các sự cố bảo mật, điều tra nguyên nhân và đề xuất giải pháp khắc phục.Thực hiện các biện pháp ngăn chặn và phục hồi sau sự cố bảo mật.Đào Tạo và Nâng Cao Nhận Thức Bảo Mật:Tổ chức các khóa đào tạo và chương trình nâng cao nhận thức về bảo mật cho nhân viên.Xây dựng tài liệu và quy trình bảo mật cho công ty.Tuân Thủ Chính Sách và Quy Định Bảo Mật:Đảm bảo công ty tuân thủ các chính sách, quy định.Thực hiện kiểm tra và đánh giá định kỳ để đảm bảo tuân thủ.",https://www.topcv.vn/viec-lam/it-security-specialist/1937840.html?ta_source=ITJobs_LinkDetail,20 - 30 triệu,Công ty Cổ phần Tập đoàn Meey Land,https://www.topcv.vn/cong-ty/cong-ty-co-phan-tap-doan-meey-land/33933.html,Cập nhật 3 ngày trước,Còn38ngày để ứng tuyển,"IT Security, Phân Tích Rủi Ro, Kiểm Tra Xâm Nhập (penetration Testing), 2+",Hà Nội
1868966,Nhân Viên IT Helpdesk,N/A,,,2.0,2.0,Đồng Nai,,"Cài đặt, bảo trì và quản trị PC, laptop và các thiết bị di độngCài đặt, bảo trì và quản lý các thiết bị ngoại vi như máy in, photo, scan, cameraKhắc phục, giải quyết các sự cố IT liên quan phần cứng và phần mềm trên máy người dùngKhắc phục sự cố máy chủ và các sự cố mạngLập hồ sơ thông tin thiết bị IT và duy trì tài liệuQuản lý trang thiết bị IT: lắp đặt thu hồi điều chuyển thiết bị cho nhân viên và kiểm kê tài sản hàng nămĐiều tra và giải quyết các vấn đề kỹ thuật liên quan đến người dùngCung cấp máy tính / trang thiết bị IT theo hướng chuyên nghiệp, chủ động, đảm bảo thời gian quy địnhLên kế hoạch-đề xuất nâng cấp, bảo trì bảo dưỡng thiết bịQuản trị phối hợp với đối tác để sửa chữa bảo trì / nâng cấp hệ thống IT được phân côngCác công việc khác do trường bộ phận phân công",https://www.topcv.vn/viec-lam/nhan-vien-it-helpdesk/1868966.html?ta_source=ITJobs_LinkDetail,Thoả thuận,CÔNG TY CỔ PHẦN KẾT CẤU THÉP ATAD,https://www.topcv.vn/cong-ty/cong-ty-co-phan-ket-cau-thep-atad/97625.html,Cập nhật 3 ngày trước,Còn28ngày để ứng tuyển,"Kỹ năng giao tiếp, Kỹ năng giải quyết vấn đề, Kiến Thức Về Phần Cứng Máy Tính, 10+",Đồng Nai
1561080,Chuyên Viên IT,N/A,10.0,25.0,1.0,1.0,Hồ Chí Minh,,"Triển khai, Vận hành và khai thác hệ thống Web server, Database, Email Server, DNS Server, ERP, Website.
Vận hành và khai thác hệ thống Cloud (Public/Private)
Giám sát, kiểm tra, báo cáo hệ thống định kỳ
Sửa chữa, bảo trì hệ thống máy tính định kỳ, kiểm soát dữ liệu nội bộ
Các công việc khác theo yêu cầu của Trưởng Bộ phận
Quản trị hệ thống dữ liệu, xây dựng hệ thống mạng cho nhà máy mới xây
Triển khai mới hệ thống quản lý dữ liệu
Các công việc khác theo chỉ đạo của cấp trên.",https://www.topcv.vn/viec-lam/chuyen-vien-it/1561080.html?ta_source=ITJobs_LinkDetail,10 - 25 triệu,CÔNG TY TNHH THIẾT BỊ KHOA HỌC LABONE,https://www.topcv.vn/cong-ty/cong-ty-tnhh-thiet-bi-khoa-hoc-labone/165503.html,Cập nhật 3 ngày trước,Còn171ngày để ứng tuyển,"Kiến Thức Về Phần Cứng Máy Tính, Kiến Thức Về Mạng Máy Tính (lan, Wan, Tcp Ip), Kinh Nghiệm Quản Trị Cơ Sở Dữ Liệu (sql, Nosql), 1+",Hồ Chí Minh
1705395,Cloud System Engineer (GCP),N/A,,,1.0,1.0,Hà Nội,,"Infrastructure Management: Deploy and manage the cloud infrastructure on Google Cloud Platform (GCP) including services like Compute Engine, Cloud Storage, Cloud VPC, Cloud SQL, and Google Kubernetes Engine (GKE).
Automation: Implement automation of cloud infrastructure provisioning and management using Terraform, Google Cloud Deployment Manager, and Cloud SDK.
Monitoring & Optimization: Monitor cloud infrastructure health and performance using Google Cloud Monitoring and Stackdriver, and perform ongoing performance tuning to ensure optimal resource usage and cost efficiency.
Security & Compliance: Enforce best practices in cloud security, including identity and access management (IAM), encryption, and network security to ensure data protection and compliance.
Incident Management: Troubleshoot and resolve infrastructure-related incidents, ensuring minimal downtime and providing root cause analysis.
Cost Management: Utilize GCP tools and reports to manage cloud costs and optimize usage, ensuring the infrastructure is running efficiently and cost-effectively.
Documentation: Maintain clear and detailed documentation for infrastructure setups, processes, and troubleshooting guidelines to support ongoing operations and future scaling
OS: Have experience in upgrading OS, managing service running on Serve",https://www.topcv.vn/viec-lam/cloud-system-engineer-gcp/1705395.html?ta_source=ITJobs_LinkDetail,Thoả thuận,Công Ty TNHH LG CNS VIỆT NAM,https://www.topcv.vn/cong-ty/cong-ty-tnhh-lg-cns-viet-nam/139535.html,Cập nhật 3 ngày trước,Còn27ngày để ứng tuyển,,Hà Nội
1785778,Database Engineer (DBA),N/A,,,,1.0,Hà Nội,,"Design and build Database in Public Cloud environments such as AWS, GCP, and Azure
Operate Databases in Public Cloud Environments Such As AWS, GCP, and Azure
Perform DBMS OBJECT change management such as Table, Index, VIEW, Procecure, etc.
SQL performance tuning on databases such as Mysql, Mariadb, Postgresql, Oracle, and more",https://www.topcv.vn/viec-lam/database-engineer-dba/1785778.html?ta_source=ITJobs_LinkDetail,Thoả thuận,Công Ty TNHH LG CNS VIỆT NAM,https://www.topcv.vn/cong-ty/cong-ty-tnhh-lg-cns-viet-nam/139535.html,Cập nhật 3 ngày trước,Còn27ngày để ứng tuyển,,Hà Nội
1938091,System Engineer / ITO Engineer,N/A,,,2.0,2.0,Đà Nẵng,,"•	Manage and operate Microsoft 365 services including Teams Phone, SharePoint, Intune, Exchange Online, and Azure AD.
•	Receive, analyze, and resolve technical issues reported by end-users or monitoring systems.
•	Design and implement CI/CD pipelines for applications integrated with Microsoft 365 and Power Platform.
•	Develop and maintain solutions using Power Apps, Power Automate, and Power BI to support business operations.
•	Collaborate with cross-functional teams to ensure system stability, performance, and security.
•	Document incidents, solutions, and system changes in ticketing and knowledge management systems.
•	Participate in system monitoring, patching, and routine maintenance tasks.",https://www.topcv.vn/viec-lam/system-engineer-ito-engineer/1938091.html?ta_source=ITJobs_LinkDetail,Thoả thuận,Công ty Cổ phần NTTe-MOI,https://www.topcv.vn/cong-ty/cong-ty-co-phan-ntte-moi/167746.html,Cập nhật 3 ngày trước,Còn27ngày để ứng tuyển,,Đà Nẵng
1919487,"Chuyên Gia, Chuyên Viên Cao Cấp Kiến Trúc Ứng Dụng - Solution Architect - Khối Công Nghệ Thông Tin (HOLT.10)",NGÂN HÀNG TMCP QUÂN ĐỘI – MBBANK,,,,,"18 Lê Văn Lương, Cầu Giấy",2025-11-20,N/A,https://www.topcv.vn/brand/nganhangthuongmaicophanquandoi/tuyen-dung/chuyen-gia-chuyen-vien-cao-cap-kien-truc-ung-dung-solution-architect-khoi-cong-nghe-thong-tin-holt-10-j1919487.html?ta_source=ITJobs_LinkDetail,Thoả thuận,NGÂN HÀNG TMCP QUÂN ĐỘI – MBBANK,https://www.topcv.vn/brand/nganhangthuongmaicophanquandoi?id=198860,Cập nhật 3 ngày trước,Còn13ngày để ứng tuyển,,Hà Nội
1920037,"Angular Developer (Product, Có Signing Bonus)",N/A,20.0,35.0,3.0,3.0,Hà Nội,,"Về KiotViet:Sản phẩm công nghệ của KiotViet được nghiên cứu và sáng tạo tại Việt Nam, bởi kỹ sư phần mềm Việt, dựa vào đóng góp từ hàng trăm nghìn chủ doanh nghiệp, với sứ mệnh mang lại giá trị cho cộng đồng kinh doanh lớn nhỏ trên khắp mọi miền tổ quốc và các quốc gia đang trên đà phát triển hưng thịnh. KiotViet cam kết đồng hành cùng cộng đồng kinh doanh vừa, nhỏ và siêu nhỏ.Với hơn 13 năm và trên 1,500 con người để tạo nên một KiotViet của ngày hôm nay, chúng tôi hiểu rằng các thành viên, từ quá khứ tới tương lai, là nền tảng cho KiotViet của ngày hôm nay và bệ phóng để vươn tới một KiotViet của ngày mai. KiotViet cam kết một môi trường làm việc chia sẻ thành công, cùng chung trách nhiệm.Bạn sẽ làm gì- Phát triển và bảo trì ứng dụng web sử dụng framework Angular;- Tạo các single-page application interactive và hiệu suất cao;- Implement logic ứng dụng theo system specifications;- Tích hợp RESTful API services với ứng dụng frontend;- Debug và fix các vấn đề để đảm bảo performance tối ưu của ứng dụng;- Optimize ứng dụng để đạt tốc độ và tính năng tối đa;- Cộng tác với các thành viên team để định nghĩa, thiết kế và triển khai tính năng mới;- Tham gia code reviews và duy trì code quality;- Cập nhật kiến thức về những phát triển mới nhất của Angular và best practices;- Viết documentation cho code và quy trình phát triển.",https://www.topcv.vn/viec-lam/angular-developer-product-co-signing-bonus/1920037.html?ta_source=ITJobs_LinkDetail,20 - 35 triệu,Công ty Cổ phần Công nghệ KiotViet,https://www.topcv.vn/cong-ty/cong-ty-co-phan-cong-nghe-kiotviet/136233.html,Cập nhật 3 ngày trước,Còn12ngày để ứng tuyển,"CSS, HTML, Javascript, 2+",Hà Nội
477657,Chuyên Viên Kiểm Thử - Tester (Auto Test),N/A,18.0,32.0,2.0,2.0,Hà Nội,,"Thiết kế và thực hiện kế hoạch kiểm thử tự động, các trường hợp, kịch bản và quy trình kiểm thử trên các ứng dụng phần mềm dựa trên yêu cầu nghiệp vụ và đặc tính kỹ thuật.• Xác định các lỗi phần mềm để gắn cờ và chẩn đoán các lỗi và duy trì cơ sở dữ liệu về các lỗi phần mềm.• Sử dụng phân tích lịch sử các kết quả kiểm tra để xác định các vấn đề và các lĩnh vực cải tiến.• Tiến hành Kiểm tra Chức năng trên các ứng dụng mới và các cải tiến phần mềm hiện có để đảm bảo chúng đáp ứng các yêu cầu kinh doanh thông qua việc thực hiện các bài kiểm tra kịch bản kinh doanh từ đầu đến cuối.• Tiến hành Kiểm tra hồi quy trên các ứng dụng mới và các cải tiến phần mềm hiện có để xác định bất kỳ tác động nào có thể xảy ra do các thay đổi gây ra.",https://www.topcv.vn/viec-lam/chuyen-vien-kiem-thu-tester-auto-test/477657.html?ta_source=ITJobs_LinkDetail,18 - 32 triệu,Công ty Cổ phần SIMBATECH,https://www.topcv.vn/cong-ty/cong-ty-co-phan-simbatech/32829.html,Cập nhật 3 ngày trước,Còn23ngày để ứng tuyển,"Agile, C#, Java, 7+",Hà Nội
825359,"Nhân Viên Kỹ Thuật Máy In, Máy Photocopy",N/A,6.0,10.0,,,Đồng Nai,,"– Cài đặt & hướng dẫn khách hàng sử dụng máy photocopy, máy in, các loại máy văn phòng, share máy in trong mạng lan.– Chuẩn đoán xử lý sự cố máy tính và máy in: Thay, nạp mực, thay thế linh kiện cần thiết, vật tư cho các dòng máy photocopy, máy in.– Hỗ trợ cài in qua teamview, ultraview.– Bảo trì máy photocopy, máy in theo quy trình định kỳ.– Chốt counter hàng tháng tại công ty khách hàng.– Sửa chữa, dọn và vệ sinh máy in, máy photocopy.Sao lưu dữ liệu, cài đặt windows và phần mềm theo yêu cầu.– Thay thế, linh kiện máy tính PC, laptop, máy in, máy photocopy.– Sửa mạng lan, wan cho doanh nghiệp",https://www.topcv.vn/viec-lam/nhan-vien-ky-thuat-may-in-may-photocopy/825359.html?ta_source=ITJobs_LinkDetail,6 - 10 triệu,CÔNG TY CỔ PHẦN ĐẦU TƯ RES,https://www.topcv.vn/cong-ty/cong-ty-co-phan-dau-tu-res/87251.html,Cập nhật 3 ngày trước,Còn13ngày để ứng tuyển,"Word, Excel, Microsoft Office, 2+",Đồng Nai
1919563,Middle Manual Tester (QA/QC) - EN Đọc Hiểu,N/A,,25.0,3.0,3.0,Hà Nội,,"Tham gia phân tích và làm rõ yêu cầu hệ thống phần mềm của dự án.Thiết kế kế hoạch test, kịch bản test, test case, test script và test data.Tạo dữ liệu kiểm thử, thiết lập và quản lý môi trường kiểm thử.Thực hiện kiểm thử theo kế hoạch: functional, regression, integration test.Kiểm thử API (Postman, Swagger), database (SQL nâng cao).Ghi nhận, phân tích và theo dõi bug; kiểm soát việc sửa lỗi của đội phát triển.Viết báo cáo test, đánh giá kết quả kiểm thử và đề xuất cải tiến chất lượng.Phối hợp chặt chẽ với BA/Dev và hỗ trợ training cho Fresher/Junior.Nghiên cứu, áp dụng automation (Selenium, Playwright, Cypress…) hoặc performance testing (JMeter, k6) khi cần thiết.",https://www.topcv.vn/viec-lam/middle-manual-tester-qa-qc-en-doc-hieu/1919563.html?ta_source=ITJobs_LinkDetail,Tới 25 triệu,Newwave Solutions JSC,https://www.topcv.vn/cong-ty/newwave-solutions-jsc/14514.html,Cập nhật 3 ngày trước,Còn12ngày để ứng tuyển,"Kiến Thức Về Quy Trình Kiểm Thử Phần Mềm, Kỹ Năng Viết Test Case, Kỹ Năng Thực Hiện Kiểm Thử (manual Và Automation), 2+",Hà Nội
1918754,"Unity Developer (Kinh Nghiệm 1 Năm, Tốt Nghiệp ĐH Bách Khoa HN) - Lương Upto 30 Triệu+Thưởng Dự Án, Làm Việc Với Game Publishers Lớn",N/A,10.0,30.0,1.0,1.0,Hà Nội,,"Lập trình, thiết kế các dự án dòng game Puzzle trên nền tảng UnityNghiên cứu các công nghệ mới ứng dụng cho gamePhối hợp các bộ phận khác (Art, Anim, Game Design, Effect,...) để phát triển và tối ưu game",https://www.topcv.vn/viec-lam/unity-developer-kinh-nghiem-1-nam-tot-nghiep-dh-bach-khoa-hn-luong-upto-30-trieu-thuong-du-an-lam-viec-voi-game-publishers-lon/1918754.html?ta_source=ITJobs_LinkDetail,10 - 30 triệu,Công ty TNHH NGen,https://www.topcv.vn/cong-ty/cong-ty-tnhh-ngen/151816.html,Cập nhật 3 ngày trước,Còn23ngày để ứng tuyển,"C#, Unity, Git",Hà Nội
1918156,Unity Developer,N/A,15.0,20.0,2.0,2.0,Hà Nội,,"Tham gia phát triển, tối ưu và bảo trì các tựa game trên nền tảng mobile/PC sử dụng Unity.Thiết kế và lập trình các thành phần gameplay, UI/UX, và xử lý logic trong game.Phát triển các tính năng Multiplayer/Realtime như: matchmaking, phòng chơi, chat, bảng xếp hạng (ranking),...Tối ưu hiệu suất game, đảm bảo trải nghiệm mượt mà trên nhiều thiết bị và cấu hình khác nhau.Phối hợp chặt chẽ với các bộ phận Game Designer, Artist, và Backend Developer để xây dựng và hoàn thiện sản phẩm.Tham gia nghiên cứu, đánh giá và đề xuất ứng dụng công nghệ, engine game mới như Unity, Cocos,...",https://www.topcv.vn/viec-lam/unity-developer/1918156.html?ta_source=ITJobs_LinkDetail,15 - 20 triệu,CÔNG TY CỔ PHẦN CROW GAMING,https://www.topcv.vn/cong-ty/cong-ty-co-phan-crow-gaming/166325.html,Cập nhật 3 ngày trước,Còn23ngày để ứng tuyển,"Giải quyết vấn đề, Lập Trình C#, Kiến Thức Về Thuật Toán Và Cấu Trúc Dữ Liệu, 2+",Hà Nội
1919945,QA Executive (Mid Level),N/A,,,2.0,2.0,Hồ Chí Minh,,"Design test plan and test schedule for the projects.Write test cases, test scripts, test APIs based on specification documents.Execute non-functional test scenarios in addition to functional test cases.Identify, analyze and report the test results.Identify the root cause of quality problems, and coordinate modifications or other corrective actions.Automate tests for the user interface of web and mobile applications using frameworks like Selenium (for web), Appium (for mobile), or Playwright.Other tasks assigned by the Line Manager.",https://www.topcv.vn/viec-lam/qa-executive-mid-level/1919945.html?ta_source=ITJobs_LinkDetail,Thoả thuận,CALIBEE,https://www.topcv.vn/cong-ty/calibee/130396.html,Cập nhật 3 ngày trước,Còn12ngày để ứng tuyển,"Kiến Thức Về Kiểm Thử Phần Mềm, Kỹ Năng Lập Trình (java, Python, C#), Kỹ Năng Viết Test Case Và Test Script, 14+",Hồ Chí Minh
1919504,AI Engineer (Computer Vision/NPL/LLM) - Khối Công Nghệ Thông Tin (HOLT.13),NGÂN HÀNG TMCP QUÂN ĐỘI – MBBANK,15.0,35.0,3.0,3.0,"Số 18 Lê Văn Lương, phường Trung Hòa, Cầu Giấy",2025-11-20,N/A,https://www.topcv.vn/brand/nganhangthuongmaicophanquandoi/tuyen-dung/ai-engineer-computer-vision-npl-llm-khoi-cong-nghe-thong-tin-holt-13-j1919504.html?ta_source=ITJobs_LinkDetail,15 - 35 triệu,NGÂN HÀNG TMCP QUÂN ĐỘI – MBBANK,https://www.topcv.vn/brand/nganhangthuongmaicophanquandoi?id=198860,Cập nhật 3 ngày trước,Còn13ngày để ứng tuyển,"API, Python, C/C++, Reinforcement Learning, 1+",Hà Nội
1919194,Chuyên Viên Công Nghệ Thông Tin - Phụ Trách Chuyển Đổi Số Trong Sản Xuất,N/A,,,2.0,2.0,Hà Nội,,"•	Nghiên cứu, đề xuất chiến lược chuyển đổi số phù hợp với định hướng phát triển của công ty. Phối hợp các phòng ban để khảo sát hiện trạng, phân tích nhu cầu và đề xuất giải pháp công nghệ.
•	Xây dựng lộ trình số hóa quy trình sản xuất, quản trị và kinh doanh (MES, ERP, CRM, HRM...). 
•	Triển khai, quản lý và đánh giá hiệu quả các phần mềm quản trị (ERP, MES, PLM, TMS...). 
•	Đề xuất giải pháp IoT, AI, RPA... để tối ưu vận hành.
•	Giám sát việc tích hợp dữ liệu và tự động hóa các công đoạn sản xuất may mặc, quản lý kho, bán hàng.
•	Thiết lập, chuẩn hóa và quản lý hệ thống cơ sở dữ liệu tập trung. Đảm bảo an toàn thông tin và bảo mật dữ liệu.
•	Hỗ trợ kỹ thuật, giải đáp sự cố liên quan đến hệ thống CNTT và phần mềm quản lý. Đào tạo nhân viên các phòng ban về kỹ năng sử dụng hệ thống số hóa.
•	Đề xuất các cải tiến công nghệ mới, phù hợp với đặc thù ngành may mặc, bảo hộ và đồng phục. Theo dõi xu hướng công nghệ và cập nhật kịp thời vào hoạt động sản xuất – kinh doanh.",https://www.topcv.vn/viec-lam/chuyen-vien-cong-nghe-thong-tin-phu-trach-chuyen-doi-so-trong-san-xuat/1919194.html?ta_source=ITJobs_LinkDetail,Thoả thuận,CÔNG TY CỔ PHẦN X20,https://www.topcv.vn/cong-ty/cong-ty-co-phan-x20/203117.html,Cập nhật 3 ngày trước,Còn13ngày để ứng tuyển,,Hà Nội
1919000,Thực Tập Sinh Unity Developer,N/A,2.0,3.0,,,Hà Nội,,"Phát triển game 2D/3D trên nền tảng UnityTham gia các dự án về game. Dev bằng Unity và các phần mềm lập trình khác.Phối hợp với các thành viên trong team để hoàn thiện và tối ưu game: animation, UI, UX...Đóng góp ý tưởng nội dung công việc.",https://www.topcv.vn/viec-lam/thuc-tap-sinh-unity-developer/1919000.html?ta_source=ITJobs_LinkDetail,2 - 3 triệu,CÔNG TY TNHH KINH DOANH TỔNG HỢP TUẤN PHÁT,https://www.topcv.vn/cong-ty/cong-ty-tnhh-kinh-doanh-tong-hop-tuan-phat/180289.html,Cập nhật 3 ngày trước,Còn12ngày để ứng tuyển,"C#, Unity, Lập Trình Hướng Đối Tượng (oop), 2+",Hà Nội
1767391,Lập Trình Frontend,N/A,,,3.0,3.0,Hà Nội,,"Phát triển các chức năng front-end cho website và ứng dụng web.Tập trung vào các hệ thống bán hàng đa kênh, mua sắm tập trung, POS và giải pháp ngân hàng.Thực hiện các công việc khác theo yêu cầu của quản lý.",https://www.topcv.vn/viec-lam/lap-trinh-frontend/1767391.html?ta_source=ITJobs_LinkDetail,Thoả thuận,CÔNG TY CỔ PHẦN CÔNG NGHỆ FOXAI,https://www.topcv.vn/cong-ty/cong-ty-co-phan-cong-nghe-foxai/156905.html,Cập nhật 3 ngày trước,Còn13ngày để ứng tuyển,"CSS, Git, HTML, 2+",Hà Nội
693022,Chuyên Viên Lập Trình Front End,N/A,15.0,30.0,3.0,3.0,Hà Nội,,"- Tham gia phát triển dự án lớn của công ty và đối tác trong các lĩnh vực tài chính ngân hàng.- Phát triển các ứng dụng trên nền tảng Javascript/ TypeScript(Angular)/ ...- Thực hiện các công việc trong quy trình phát triển phần mềm như thiết kế kịch bản phía máy khách và các khung JavaScript/TypeScript, bao gồm cả JQuery- Làm việc theo nhóm và mô hình Agile/Scrum- Nghiên cứu và sử dụng công nghệ mới.- Thực hiện các công việc khác do Trưởng dự án/Trưởng nhóm phân công.",https://www.topcv.vn/viec-lam/chuyen-vien-lap-trinh-front-end/693022.html?ta_source=ITJobs_LinkDetail,15 - 30 triệu,Công ty Cổ phần SIMBATECH,https://www.topcv.vn/cong-ty/cong-ty-co-phan-simbatech/32829.html,Cập nhật 3 ngày trước,Còn23ngày để ứng tuyển,"CSS, HTML, Javascript, 4+",Hà Nội
1919531,"MB Trainee - AI Engineer (Fresher, Intern) - Khối Công Nghệ Thông Tin (HOLT.14)",NGÂN HÀNG TMCP QUÂN ĐỘI – MBBANK,,,,,"Số 18 Lê Văn Lương, phường Trung Hòa, Cầu Giấy",2025-11-20,N/A,https://www.topcv.vn/brand/nganhangthuongmaicophanquandoi/tuyen-dung/mb-trainee-ai-engineer-fresher-intern-khoi-cong-nghe-thong-tin-holt-14-j1919531.html?ta_source=ITJobs_LinkDetail,Thoả thuận,NGÂN HÀNG TMCP QUÂN ĐỘI – MBBANK,https://www.topcv.vn/brand/nganhangthuongmaicophanquandoi?id=198860,Cập nhật 3 ngày trước,Còn13ngày để ứng tuyển,"Python, C/C++",Hà Nội
1917707,Android Developer (Java/Kotlin) - Tiếng Anh Tốt,N/A,35.0,50.0,3.0,3.0,Hà Nội,,"Develop and maintain Android applications for Backoffice and loan managementImplement payment terminal features and ensure data security complianceIntegrate mobile apps with backend APIs and servicesTroubleshoot, debug, and optimize mobile app performanceCollaborate with UI/UX designers to ensure high-quality user experiencesPerform testing, release management, and app store deploymentProvide ongoing support and updates for existing apps",https://www.topcv.vn/viec-lam/android-developer-java-kotlin-tieng-anh-tot/1917707.html?ta_source=ITJobs_LinkDetail,35 - 50 triệu,CÔNG TY CỔ PHẦN ALLIEX VIỆT NAM,https://www.topcv.vn/cong-ty/cong-ty-co-phan-alliex-viet-nam/67243.html,Cập nhật 3 ngày trước,Còn23ngày để ứng tuyển,"Java, Android SDK, Kotlin, 2+",Hà Nội
1874980,DEV - Embedded Software Engineer (C/C++),N/A,25.0,40.0,4.0,4.0,Hà Nội,,"- Design and develop new features for such network devices as GPON/EPGON ONT, Gateway Wi-Fi 802.11ac, ax and device drivers.- Design, develop and fix software errors of network protocols (Layer 2/Layer 3)- Develop gateway functionality based on Broadcom/RealTek/Cortina/Econet chipsets (Need the ability to develop various aspects without being restricted to specific functions)- Design and implement residence gateway features- Develop new network/ management features based on customers' requirement- Software development and debugging based on customer issues- Remote support for addressing international customer issues- Porting WiFi drivers to support WiFi chipset (Qualcomm, Broadcom...) based on products.- Verify and troubleshoot WiFi issues and tuning WiFi performance.- Customize WiFi features based on products and customer's requirement.- Develop additional WiFi features: easy mesh, bandsteering...",https://www.topcv.vn/viec-lam/dev-embedded-software-engineer-c-c/1874980.html?ta_source=ITJobs_LinkDetail,25 - 40 triệu,"VĂN PHÒNG ĐẠI DIỆN KAON GROUP CO., LTD TẠI THÀNH PHỐ HÀ NỘI",https://www.topcv.vn/cong-ty/van-phong-dai-dien-kaon-group-co-ltd-tai-thanh-pho-ha-noi/196631.html,Cập nhật 3 ngày trước,Còn10ngày để ứng tuyển,"Javascript, Shell script, TCP/IP, 4+",Hà Nội
1919498,"(Middle, Senior) FullStack Developer - Khối Công Nghệ Thông Tin (HOLT.12)",NGÂN HÀNG TMCP QUÂN ĐỘI – MBBANK,,,3.0,3.0,"Số 18 Lê Văn Lương, phường Trung Hòa, Cầu Giấy",2025-11-20,N/A,https://www.topcv.vn/brand/nganhangthuongmaicophanquandoi/tuyen-dung/middle-senior-fullstack-developer-khoi-cong-nghe-thong-tin-holt-12-j1919498.html?ta_source=ITJobs_LinkDetail,Thoả thuận,NGÂN HÀNG TMCP QUÂN ĐỘI – MBBANK,https://www.topcv.vn/brand/nganhangthuongmaicophanquandoi?id=198860,Cập nhật 3 ngày trước,Còn13ngày để ứng tuyển,"Java, Spring Framework, Lập Trình Backend, 8+",Hà Nội
1219856,Dynamics 365 CRM Developer,N/A,,,3.0,3.0,Hồ Chí Minh,,"Responsibilities:Responsible for the development, and on-going support of custom applications and objects within Microsoft Dynamics CRMServe as a Subject Matter Expert (SME) within all aspects of CRM software to include technical requirements, system configuration, user requirements, and system upgradesIdentify and implement third party applications to enhance and support the CRM systemPerform CRM application testing of configurations and customizations Lead and/or participate in analysis sessions with clients to determine application requirements for new CRM implementationsExtend capability of CRM through creation of new entities, forms, workflows, and reports",https://www.topcv.vn/viec-lam/dynamics-365-crm-developer/1219856.html?ta_source=ITJobs_LinkDetail,Thoả thuận,Công Ty SmartOSC,https://www.topcv.vn/cong-ty/cong-ty-smartosc/65.html,Cập nhật 3 ngày trước,Còn12ngày để ứng tuyển,,Hồ Chí Minh
1605787,Java Developer (Middle),SHINHAN FINANCE,,,3.0,3.0,Hồ Chí Minh,,"A member of Application Development team, who plays a supporting role in daily business requirements on IT system usage, develop and maintain in-house IT Java web applications and MIS reports.Develop and maintain in-house applicationsAnalyze business data/requirements to convert into effective report.Build MIS reports to support business requirementsComplete assigned tasks from line manager",https://www.topcv.vn/brand/shinhanfinance1/tuyen-dung/java-developer-middle-j1605787.html?ta_source=ITJobs_LinkDetail,Thoả thuận,SHINHAN FINANCE,https://www.topcv.vn/brand/shinhanfinance1?id=198515,Cập nhật 3 ngày trước,Còn38ngày để ứng tuyển,"J2EE, Java, Spring Framework, 1+",Hồ Chí Minh
1918131,Business Analyst,N/A,,36.0,4.0,4.0,Hà Nội,,"Responsibilities:Understand customer business process, needs and requirementsAnalyze the requirements from customers in business view and end-user viewEnsure business requirements are fully understood by Development and provide input to design and product specificationsDocument functional and business requirementCreate wireframes, activity diagrams and system process flowsTracking all change requests from customer. Manage all requirements, specifications, change request of the projectWork with development team to go over the specification, Q&A, consult the solutions or figure out the problemsOther tasks assigned",https://www.topcv.vn/viec-lam/business-analyst/1918131.html?ta_source=ITJobs_LinkDetail,Tới 36 triệu,CÔNG TY CỔ PHẦN SMARTOSC,https://www.topcv.vn/cong-ty/cong-ty-co-phan-smartosc/84788.html,Cập nhật 3 ngày trước,Còn12ngày để ứng tuyển,"Giao tiếp, Phân tích dữ liệu, Phân Tích Nghiệp Vụ, 2+",Hà Nội
1918017,Back-End Developer (Python),N/A,10.0,23.0,,1.0,Hà Nội,,"Maintain and enhance an existing CRM system, with a focus on backend components.Develop backend applications using Python.Design and implement APIs and messaging protocols to enable communication between system components.Work on development, testing, automation tools, and support the underlying IT infrastructure.",https://www.topcv.vn/viec-lam/back-end-developer-python/1918017.html?ta_source=ITJobs_LinkDetail,400 - 900 USD,CÔNG TY TNHH EAERA VIỆT NAM,https://www.topcv.vn/cong-ty/cong-ty-tnhh-eaera-viet-nam/194871.html,Cập nhật 3 ngày trước,Còn33ngày để ứng tuyển,"Python, Cơ Sở Dữ Liệu (sql, Nosql), Lập Trình Hướng Đối Tượng (oop), 6+",Hà Nội
1713501,Lập Trình Viên Backend Java,N/A,16.0,32.0,3.0,3.0,Hà Nội,,"- Tham gia vào các công đoạn: kiến trúc hệ thống, thiết kế chức năng, lập trình, unit test, viết tài liệu chức năng, tối ưu performance...- Lập trình hệ thống các ứng dụng trên nền Java Core, Java Spring Boot và các hệ thống Middleware trên nền tảng java- Viết code và Unit test theo mô hình phát triển DevOps CI/CD- Tối ưu performance các xử lý giải thuật- Tham gia tìm hiểu các công nghệ, kỹ thuật mới.",https://www.topcv.vn/viec-lam/lap-trinh-vien-backend-java/1713501.html?ta_source=ITJobs_LinkDetail,16 - 32 triệu,Công ty Cổ phần SIMBATECH,https://www.topcv.vn/cong-ty/cong-ty-co-phan-simbatech/32829.html,Cập nhật 3 ngày trước,Còn23ngày để ứng tuyển,"Redis, kafka, RESTful APIs, 4+",Hà Nội
1919174,Nhân Viên Kỹ Thuật Máy In Tem Nhãn,N/A,7.0,7.0,,1.0,Hồ Chí Minh,,"Lắp đặt, cài đặt, HDSD các sản phẩm máy in barcode do công ty phân phối đến khách hàng. (được đào tạo)Bảo trì, sửa chữa, thay thế linh kiện theo yêu cầu của khách hàng.In tem, nhãn mã vạch theo yêu cầu của khách hàng & SalesQuản trị, hỗ trợ kỹ thuật cho khối văn phòng (thiết bị, công cụ làm việc).Các nhiệm vụ khác theo yêu cầu của trưởng bộ phậnSản phẩm chính của công ty: máy in mã vạch, nguyên vật liệu in (giấy in nhiệt, ruy băng mực, decal, tag, tem vải...)",https://www.topcv.vn/viec-lam/nhan-vien-ky-thuat-may-in-tem-nhan/1919174.html?ta_source=ITJobs_LinkDetail,7 - 9.5 triệu,CÔNG TY CỔ PHẦN THƯƠNG MẠI KỸ THUẬT MÃ VIỆT,https://www.topcv.vn/cong-ty/cong-ty-co-phan-thuong-mai-ky-thuat-ma-viet/3202.html,Cập nhật 3 ngày trước,Còn12ngày để ứng tuyển,"đọc hiểu tài liệu kỹ thuật, Kỹ Năng Chẩn Đoán Lỗi, Khả Năng Sửa Chữa Và Bảo Trì Máy In, 5+",Hồ Chí Minh
1919493,"(Middle, Senior) BackEnd Engineer (Java, Spring Boot) - Khối Công Nghệ Thông Tin (HOLT.11)",NGÂN HÀNG TMCP QUÂN ĐỘI – MBBANK,15.0,35.0,2.0,2.0,"18 Lê Văn Lương, Cầu Giấy",2025-11-20,N/A,https://www.topcv.vn/brand/nganhangthuongmaicophanquandoi/tuyen-dung/middle-senior-backend-engineer-java-spring-boot-khoi-cong-nghe-thong-tin-holt-11-j1919493.html?ta_source=ITJobs_LinkDetail,15 - 35 triệu,NGÂN HÀNG TMCP QUÂN ĐỘI – MBBANK,https://www.topcv.vn/brand/nganhangthuongmaicophanquandoi?id=198860,Cập nhật 3 ngày trước,Còn13ngày để ứng tuyển,,Hà Nội
1919278,Chuyên Viên Phân Tích Nghiệp Vụ (Business Analyst),N/A,18.0,24.0,2.0,2.0,Hà Nội,,"Thu thập, tìm hiểu yêu cầu nghiệp vụ từ khách hàng/nội bộ công ty để phân tích, đánh giá các Yêu cầu xây dựng hệ thống hoặc Yêu cầu thay đổi (CRs) trên hệ thống;Trao đổi, phối hợp với nhà cung cấp hệ thống hoặc nhóm phát triển sản phầm (Design/Dev/QC) để đưa ra giải pháp nghiệp vụ tối ưu, tối đa hóa giá trị sản phẩm cho người dùng và đảm bảo chất lượng sản phẩm;Chịu trách nhiệm truyền tải yêu cầu nghiệp vụ/giải pháp nghiệp vụ đúng đắn tới team phát triển;Chịu trách nhiệm xây dựng tài liệu yêu cầu (BRD), tài liệu đặc tả hệ thống (System Requirement Specification), danh sách các tính năng (Feature List), bố cục/giao diện sản phẩm (Wire frame/Mockup), luồng nghiệp vụ/tích hợp (Business Flow/Sequence Diagram);Hỗ trợ Quản lý dự án (PM) trong việc xác định phạm vi công việc của dự án, theo dõi backlog sản phẩm, nghiệm thu sản phẩm để đảm bảo kế hoạch và chất lượng sản phẩm;Phối hợp với các bộ phận liên quan để thực hiện rà soát hợp đồng cung cấp dịch vụ, xử lý nghiệm thu sản phẩm từ nhà cung cấp hệ thống;Phối hợp QC xây dựng tài liệu đào tạo, hướng dẫn người dùng sử dụng hệ thống;Hỗ trợ các bộ phận PR/Marketing hoặc trực tiếp demo giới thiệu sản phẩm cho khách hàng.",https://www.topcv.vn/viec-lam/chuyen-vien-phan-tich-nghiep-vu-business-analyst/1919278.html?ta_source=ITJobs_LinkDetail,18 - 24 triệu,CÔNG TY CỔ PHẦN ĐẦU TƯ CHÂU Á - THÁI BÌNH DƯƠNG,https://www.topcv.vn/cong-ty/cong-ty-co-phan-dau-tu-chau-a-thai-binh-duong/200853.html,Cập nhật 3 ngày trước,Còn12ngày để ứng tuyển,"Phân Tích Nghiệp Vụ, Thu Thập Yêu Cầu, Mô Hình Hóa Quy Trình, 2+",Hà Nội
1919474,"FullStack Developer (Junior, Senior) - Khối Công Nghệ Thông Tin (HOLT.04)",NGÂN HÀNG TMCP QUÂN ĐỘI – MBBANK,,,1.0,1.0,"Số 18 Lê Văn Lương, phường Trung Hòa, Cầu Giấy",2025-11-20,N/A,https://www.topcv.vn/brand/nganhangthuongmaicophanquandoi/tuyen-dung/fullstack-developer-junior-senior-khoi-cong-nghe-thong-tin-holt-04-j1919474.html?ta_source=ITJobs_LinkDetail,Thoả thuận,NGÂN HÀNG TMCP QUÂN ĐỘI – MBBANK,https://www.topcv.vn/brand/nganhangthuongmaicophanquandoi?id=198860,Cập nhật 3 ngày trước,Còn13ngày để ứng tuyển,"Java, Spring Framework, Backend, 5+",Hà Nội
1919234,Business Analyst (BA) - Up To 40 Triệu - Tại Hà Nội,N/A,,,2.0,2.0,Hà Nội,,"1. Mô tả công việc• Làm việc với PO, PMO và khách hàng, nhận yêu cầu, đánh giá và tư vấn các giải pháp, quy trình của phần mềm • Phân tích tính khả thi và làm chi tiết các yêu cầu, từ đó xây dựng các tài liệu kĩ thuật, tài liệu nghiệp vụ, đảm bảo tính chính xác và phù hợp với yêu cầu • Phân tích và thiết kế các tài liệu BRD, Use case, flowchart, wireframe/mockup, ... • Đảm bảo chất lượng tài liệu nghiệp vụ hệ thống, phân tích và hỗ trợ các thành viên khác để đảm bảo đội ngũ hiểu rõ yêu cầu của sản phẩm • Quản lý và cập nhật các luồng nghiệp vụ khi có thay đổi hoặc phát sinh • Đảm nhận và đánh giá chất lượng sản phẩm trước khi release • Phối hợp với đội ngũ để nâng cao chất lượng sản phẩm và quy trình phát triển sản phẩm.",https://www.topcv.vn/viec-lam/business-analyst-ba-up-to-40-trieu-tai-ha-noi/1919234.html?ta_source=ITJobs_LinkDetail,Thoả thuận,CÔNG TY CỔ PHẦN GIẢI PHÁP SỐ MOBIFONE,https://www.topcv.vn/cong-ty/cong-ty-co-phan-giai-phap-so-mobifone/231268.html,Cập nhật 3 ngày trước,Còn16ngày để ứng tuyển,,Hà Nội
1920072,Fullstack Developer,N/A,20.0,30.0,2.0,2.0,Hà Nội,,"• Tham gia phân tích, thiết kế, phát triển ứng dụng web và API phục vụ nghiệp vụ dịch 
vụ/thương mại (bán hàng, kho, đơn hàng, thanh toán, chăm sóc khách hàng). 
• Xây dựng, tích hợp hoặc mở rộng các module ERP/CRM (Sales, Inventory, Accounting, Support, Loyalty...).• Tối ưu hiệu năng, bảo mật; viết unit/integration test; review code; tham gia CI/CD. 
• Phối hợp BA/PO/Designer để làm rõ yêu cầu, đưa giải pháp kỹ thuật, ước lượng và triển khai theo sprint.• Tích hợp dịch vụ bên thứ ba (cổng thanh toán, SMS/Email, vận chuyển, eKYC...).• Viết tài liệu kỹ thuật, hướng dẫn bàn giao cho vận hành. 
• Hỗ trợ vận hành/sửa lỗi sau triển khai (theo vòng đời sản phẩm",https://www.topcv.vn/viec-lam/fullstack-developer/1920072.html?ta_source=ITJobs_LinkDetail,20 - 30 triệu,Công Ty TNHH Thương Mại FC Việt Nam,https://www.topcv.vn/cong-ty/cong-ty-tnhh-thuong-mai-fc-viet-nam/119553.html,Cập nhật 3 ngày trước,Còn13ngày để ứng tuyển,,Hà Nội
1920086,Thực Tập Sinh Backend Java,N/A,,2.0,,,Hà Nội,,"Tham gia khóa đào tạo dành cho nhân viên mớiĐược tham gia vào các dự án thực tế để học hỏi kinh nghiệmTham gia vào các dự án của công ty sau khóa đào tạoTham gia vào dự án phát triển với khách hàng trong và ngoài nướcXây dựng các giải pháp, viết các phần mềm theo yêu cầu của công tyTrao đổi cụ thể khi phỏng vấn",https://www.topcv.vn/viec-lam/thuc-tap-sinh-backend-java/1920086.html?ta_source=ITJobs_LinkDetail,Tới 2 triệu,Công ty cổ phần Công nghệ VISSOFT,https://www.topcv.vn/cong-ty/cong-ty-co-phan-cong-nghe-vissoft/18747.html,Cập nhật 3 ngày trước,Còn23ngày để ứng tuyển,"Java, Cấu Trúc Dữ Liệu Và Giải Thuật, Lập Trình Hướng Đối Tượng (oop), 2+",Hà Nội
